-- These triggers must be in sync with db/changeLog.xml; Hibernate's drop & create destroys them
CREATE TRIGGER before_run_delete BEFORE DELETE ON run FOR EACH ROW EXECUTE FUNCTION before_run_delete_func();
CREATE TRIGGER before_run_update BEFORE UPDATE ON run FOR EACH ROW EXECUTE FUNCTION before_run_update_func();
CREATE TRIGGER after_run_update AFTER INSERT OR UPDATE ON run FOR EACH ROW EXECUTE FUNCTION after_run_update_func();
CREATE TRIGGER before_schema_delete BEFORE DELETE ON schema FOR EACH ROW EXECUTE FUNCTION before_schema_delete_func();
CREATE TRIGGER before_schema_update BEFORE UPDATE OF uri ON schema FOR EACH ROW EXECUTE FUNCTION before_schema_update_func();
CREATE TRIGGER after_schema_update AFTER INSERT OR UPDATE OF uri ON schema FOR EACH ROW EXECUTE FUNCTION after_schema_update_func();

-- These two triggers are not dropped as Hibernate does not know about run_schemas
-- CREATE TRIGGER vd_before_delete BEFORE DELETE ON run_schemas FOR EACH ROW EXECUTE FUNCTION vd_before_delete_run_func();
-- CREATE TRIGGER vd_after_insert AFTER INSERT ON run_schemas FOR EACH ROW EXECUTE FUNCTION vd_after_insert_run_func();
CREATE TRIGGER vd_before_delete BEFORE DELETE ON schemaextractor FOR EACH ROW EXECUTE FUNCTION vd_before_delete_extractor_func();
CREATE TRIGGER vd_before_update BEFORE UPDATE ON schemaextractor FOR EACH ROW EXECUTE FUNCTION vd_before_update_extractor_func();
CREATE TRIGGER vd_after_update AFTER INSERT OR UPDATE ON schemaextractor FOR EACH ROW EXECUTE FUNCTION vd_after_update_extractor_func();
CREATE TRIGGER vd_before_delete BEFORE DELETE ON viewcomponent FOR EACH ROW EXECUTE FUNCTION vd_before_delete_vc_func();
CREATE TRIGGER vd_before_update BEFORE UPDATE OF id, accessors ON viewcomponent FOR EACH ROW EXECUTE FUNCTION vd_before_update_vc_func();
CREATE TRIGGER vd_after_update AFTER INSERT OR UPDATE OF id, accessors ON viewcomponent FOR EACH ROW EXECUTE FUNCTION vd_after_update_vc_func();

CREATE TRIGGER rt_before_delete BEFORE DELETE ON test FOR EACH ROW EXECUTE FUNCTION rt_before_delete_test_func();
CREATE TRIGGER rt_before_update BEFORE UPDATE ON test FOR EACH ROW EXECUTE FUNCTION rt_before_update_test_func();
CREATE TRIGGER rt_after_insert AFTER INSERT OR UPDATE ON test FOR EACH ROW EXECUTE FUNCTION rt_after_insert_test_func();
CREATE TRIGGER rt_before_delete BEFORE DELETE ON run FOR EACH ROW EXECUTE FUNCTION rt_before_delete_run_func();
CREATE TRIGGER rt_before_delete BEFORE DELETE ON schemaextractor FOR EACH ROW EXECUTE FUNCTION rt_before_delete_extractor_func();
CREATE TRIGGER rt_before_update BEFORE UPDATE ON schemaextractor FOR EACH ROW EXECUTE FUNCTION rt_before_update_extractor_func();
CREATE TRIGGER rt_after_update AFTER INSERT OR UPDATE ON schemaextractor FOR EACH ROW EXECUTE FUNCTION rt_after_update_extractor_func();
CREATE TRIGGER rt_before_insert BEFORE INSERT ON schemaextractor FOR EACH ROW EXECUTE FUNCTION rt_before_insert_extractor_func();
-- End of triggers

-- Since the derived tables are not dropped we need to drop the data to prevent collisions/duplicate rows
TRUNCATE TABLE run_tags;
TRUNCATE TABLE run_schemas;
TRUNCATE TABLE view_data;

INSERT INTO schema (id,name,uri,owner,access) VALUES (1,'SPECjEnterprise2010','urn:spec:jenterprise2010','dev-team',0);
INSERT INTO test (id,name,description,defaultview_id,owner,access) VALUES (1,'SPECjEnterprise2010','spec.org 2010 enterprise benchmark',NULL,'perf-team',0);
INSERT INTO view (id,name,test_id) VALUES (1,'default',1);
UPDATE test SET defaultview_id = 1 WHERE id = 1;

INSERT INTO viewcomponent (id,accessors,headername,headerorder,render,view_id) VALUES (1,'scale','Scale',0,NULL,1);
INSERT INTO schemaextractor (id,accessor,jsonpath,schema_id) VALUES (1,'scale', '.faban.run.SPECjEnterprise."fa:runConfig"."fa:scale"."text()"',1);
INSERT INTO viewcomponent (id,accessors,headername,headerorder,render,view_id) VALUES (2,'rampup','Ramp Up',1,NULL,1);
INSERT INTO schemaextractor (id,accessor,jsonpath,schema_id) VALUES (2,'rampup', '.faban.run.SPECjEnterprise."fa:runConfig"."fa:runControl"."fa:rampUp"."text()"',1);
INSERT INTO viewcomponent (id,accessors,headername,headerorder,render,view_id) VALUES (3,'steadystate','Steady State',2,NULL,1);
INSERT INTO schemaextractor (id,accessor,jsonpath,schema_id) VALUES (3,'steadystate', '.faban.run.SPECjEnterprise."fa:runConfig"."fa:runControl"."fa:steadyState"."text()"',1);
INSERT INTO viewcomponent (id,accessors,headername,headerorder,render,view_id) VALUES (4,'rampdown','Ramp Down',3,NULL,1);
INSERT INTO schemaextractor (id,accessor,jsonpath,schema_id) VALUES (4,'rampdown', '.faban.run.SPECjEnterprise."fa:runConfig"."fa:runControl"."fa:rampDown"."text()"',1);
INSERT INTO viewcomponent (id,accessors,headername,headerorder,render,view_id) VALUES (5,'jfr','JFR',4,'(v)=>{ return v && v.includes("StartFlightRecording") ? "✔" : "✕"}',1);
INSERT INTO schemaextractor (id,accessor,jsonpath,schema_id) VALUES (5,'jfr','.qdup.state."benchserver4.perf.lab.eng.rdu2.redhat.com".**.JAVA_OPTS',1);
INSERT INTO viewcomponent (id,accessors,headername,headerorder,render,view_id) VALUES (6,'largepages','LargePages',5,'(v)=>{return v.includes("LargePages") ? "✔" : "✕"}',1);
INSERT INTO schemaextractor (id,accessor,jsonpath,schema_id) VALUES (6,'largepages','.qdup.state."benchserver4.perf.lab.eng.rdu2.redhat.com".**.JAVA_OPTS',1);
INSERT INTO viewcomponent (id,accessors,headername,headerorder,render,view_id) VALUES (7,'gc[]','GC total pause',6,'(v=[])=>{ if(v.length === 0){return "--"} const totalSeconds = v.reduce((total,entry)=>total+entry.seconds,0.0); return Number(totalSeconds).toFixed(3);}',1);
INSERT INTO schemaextractor (id,accessor,jsonpath,schema_id) VALUES (7,'gc','.benchserver4.gclog[*] ? ( exists(@.capacity) && exists(@.seconds) )',1);
INSERT INTO viewcomponent (id,accessors,headername,headerorder,render,view_id) VALUES (8,'fabanid','Faban ID',7,'(value)=>`<a href="http://benchclient1.perf.lab.eng.rdu2.redhat.com:9980/resultframe.jsp?runId=${value}&result=summary.xml" target="_blank">${value}</a>`',1);
INSERT INTO schemaextractor (id,accessor,jsonpath,schema_id) VALUES (8,'fabanid', '.faban.xml.benchResults.benchSummary.runId."text()"',1);

INSERT INTO public.schema (id, access, description, name, owner, schema, uri) VALUES (2, 0, 'Hyperfoil''s all.json', 'Hyperfoil v0.6', 'dev-team', '{"$id": "http://hyperfoil.io/run-schema/0.6", "type": "object", "$schema": "http://json-schema.org/draft-07/schema#", "required": ["info", "total", "phase"], "properties": {"info": {"type": "object", "required": ["id", "benchmark", "startTime", "terminateTime"], "properties": {"id": {"type": "string", "description": "Unique identifier for the run, by convention 4 upper-case hexadecimal digits."}, "errors": {"type": "array", "items": {"type": "string", "description": "Human-readable error message."}, "additionalItems": false}, "benchmark": {"type": "string", "description": "Name of the executed benchmark."}, "cancelled": {"type": "boolean", "description": "True if the run was prematurely cancelled."}, "startTime": {"type": "integer", "description": "Run start time in epoch milliseconds, or negative value if the run did not start."}, "description": {"type": ["string", "null"], "description": "Arbitrary description of the run (e.g. SUT setup)"}, "terminateTime": {"type": "integer", "description": "Run end time in epoch milliseconds, or negative value if the run did not complete."}}, "description": "General information about the run.", "additionalProperties": false}, "agent": {"type": "object", "description": "Per-agent statistics", "patternProperties": {".*": {"type": "object", "properties": {"phase": {"$ref": "#/definitions/phase-detail"}, "total": {"type": "array", "items": {"$ref": "#/definitions/phase-stats"}, "additionalItems": false}}, "additionalProperties": false}}}, "phase": {"$ref": "#/definitions/phase-detail"}, "total": {"type": "array", "items": {"$ref": "#/definitions/phase-stats"}, "description": "Aggregated per-phase results.", "additionalItems": false}, "$schema": {"type": "string", "description": "This should point to http://hyperfoil.io/run-schema/0.6"}, "failure": {"type": "array", "items": {"type": "object", "required": ["phase", "metric", "message"], "properties": {"end": {"type": "integer"}, "phase": {"type": "string"}, "start": {"type": "integer"}, "metric": {"type": "string"}, "message": {"type": "string"}, "percentileResponseTime": {"$ref": "#/definitions/percentiles"}}, "additionalProperties": false}, "description": "SLA failures encountered during the run.", "additionalItems": false}}, "definitions": {"metric": {"type": "object", "properties": {"series": {"type": "array", "items": {"$ref": "#/definitions/summary"}, "description": "Statistics for the metric over time.", "additionalItems": false}, "histogram": {"type": "object", "properties": {"linear": {"type": "array", "items": {"$ref": "#/definitions/histogram-bucket"}, "additionalItems": false}, "percentiles": {"type": "array", "items": {"$ref": "#/definitions/histogram-bucket"}, "additionalItems": false}}, "additionalProperties": false}}, "additionalProperties": false}, "summary": {"type": "object", "properties": {"endTime": {"type": "integer"}, "invalid": {"type": "integer"}, "timeouts": {"type": "integer"}, "cacheHits": {"type": "integer"}, "startTime": {"type": "integer"}, "resetCount": {"type": "integer"}, "status_2xx": {"type": "integer"}, "status_3xx": {"type": "integer"}, "status_4xx": {"type": "integer"}, "status_5xx": {"type": "integer"}, "blockedTime": {"type": "integer"}, "blockedCount": {"type": "integer"}, "meanSendTime": {"type": "integer"}, "requestCount": {"type": "integer"}, "status_other": {"type": "integer"}, "responseCount": {"type": "integer"}, "maxResponseTime": {"type": "integer"}, "minResponseTime": {"type": "integer"}, "meanResponseTime": {"type": "integer"}, "connectFailureCount": {"type": "integer"}, "percentileResponseTime": {"$ref": "#/definitions/percentiles"}}, "additionalProperties": false}, "percentiles": {"type": "object", "patternProperties": {"[0-9]*.[0-9]*": {"type": "integer"}}}, "phase-stats": {"type": "object", "required": ["phase", "metric", "start", "end", "summary"], "properties": {"end": {"type": "integer", "description": "Phase completion timestamp, in epoch milliseconds."}, "phase": {"type": "string", "description": "Name of the phase."}, "start": {"type": "integer", "description": "Phase start timestamp, in epoch milliseconds."}, "custom": {"type": "object", "description": "Custom statistics.", "patternProperties": {".*": {"type": "string"}}}, "metric": {"type": "string", "description": "Name of the metric."}, "summary": {"$ref": "#/definitions/summary"}}, "additionalProperties": false}, "phase-detail": {"type": "object", "description": "Detailed data about phases. Phase names are used as keys.", "patternProperties": {".*": {"type": "object", "properties": {"iteration": {"type": "object", "description": "Statistics for iterations of the phase.", "patternProperties": {".*": {"type": "object", "properties": {"fork": {"type": "object", "description": "Statistics for forks within the phase/iteration.", "patternProperties": {".*": {"type": "object", "properties": {"metric": {"type": "object", "description": "Statistics for metrics.", "patternProperties": {".*": {"$ref": "#/definitions/metric"}}}}, "additionalProperties": false}}}}, "additionalProperties": false}}}}, "additionalProperties": false}}}, "histogram-bucket": {"type": "object", "properties": {"to": {"type": "number"}, "from": {"type": "number"}, "count": {"type": "integer"}, "percentile": {"type": "number"}, "totalCount": {"type": "integer"}}, "additionalProperties": false}}, "description": "Hyperfoil run results", "additionalProperties": false}', 'http://hyperfoil.io/run-schema/0.6');
INSERT INTO public.test (id, access, description, name, tags, owner, defaultview_id) VALUES (2, 0, 'created by data upload', 'single-request', 'tags;job', 'dev-team', NULL);
INSERT INTO public.run (id, access, data, owner, start, stop, description, testid, token) VALUES (1, 0, '{"tags": [ "foo" ], "job": "somejob", "info": {"id": "0000", "errors": [], "benchmark": "single-request", "cancelled": false, "startTime": 1580896854462, "description": null, "terminateTime": 1580896854678}, "agent": {"6e18e7e3-6b8e-4c13-a66a-9891d6ce185e": {"phase": {"example": {"iteration": {":DEFAULT:": {"fork": {":DEFAULT:": {"metric": {"test": {"series": [{"endTime": 1580896854677, "invalid": 0, "timeouts": 0, "cacheHits": 0, "startTime": 1580896854471, "resetCount": 0, "status_2xx": 0, "status_3xx": 1, "status_4xx": 0, "status_5xx": 0, "blockedTime": 0, "blockedCount": 0, "meanSendTime": 2599478, "requestCount": 1, "status_other": 0, "responseCount": 1, "maxResponseTime": 180355071, "minResponseTime": 179306496, "meanResponseTime": 179830784, "connectFailureCount": 0, "percentileResponseTime": {"50.0": 180355071, "90.0": 180355071, "99.0": 180355071, "99.9": 180355071, "99.99": 180355071}}], "histogram": {"linear": [{"to": 999999.0, "from": 0.0, "count": 0, "percentile": 0.0, "totalCount": 0}, {"to": 1999999.0, "from": 999999.0, "count": 0, "percentile": 0.0, "totalCount": 0}, {"to": 2999999.0, "from": 1999999.0, "count": 0, "percentile": 0.0, "totalCount": 0}, {"to": 3999999.0, "from": 2999999.0, "count": 0, "percentile": 0.0, "totalCount": 0}, {"to": 4999999.0, "from": 3999999.0, "count": 0, "percentile": 0.0, "totalCount": 0}, {"to": 5999999.0, "from": 4999999.0, "count": 0, "percentile": 0.0, "totalCount": 0}, {"to": 6999999.0, "from": 5999999.0, "count": 0, "percentile": 0.0, "totalCount": 0}, {"to": 7999999.0, "from": 6999999.0, "count": 0, "percentile": 0.0, "totalCount": 0}, {"to": 8999999.0, "from": 7999999.0, "count": 0, "percentile": 0.0, "totalCount": 0}, {"to": 9999999.0, "from": 8999999.0, "count": 0, "percentile": 0.0, "totalCount": 0}, {"to": 10999999, "from": 9999999.0, "count": 0, "percentile": 0.0, "totalCount": 0}, {"to": 11999999, "from": 10999999, "count": 0, "percentile": 0.0, "totalCount": 0}, {"to": 12999999, "from": 11999999, "count": 0, "percentile": 0.0, "totalCount": 0}, {"to": 13999999, "from": 12999999, "count": 0, "percentile": 0.0, "totalCount": 0}, {"to": 14999999, "from": 13999999, "count": 0, "percentile": 0.0, "totalCount": 0}, {"to": 15999999, "from": 14999999, "count": 0, "percentile": 0.0, "totalCount": 0}, {"to": 16999999, "from": 15999999, "count": 0, "percentile": 0.0, "totalCount": 0}, {"to": 17999999, "from": 16999999, "count": 0, "percentile": 0.0, "totalCount": 0}, {"to": 18999999, "from": 17999999, "count": 0, "percentile": 0.0, "totalCount": 0}, {"to": 19999999, "from": 18999999, "count": 0, "percentile": 0.0, "totalCount": 0}, {"to": 20999999, "from": 19999999, "count": 0, "percentile": 0.0, "totalCount": 0}, {"to": 21999999, "from": 20999999, "count": 0, "percentile": 0.0, "totalCount": 0}, {"to": 22999999, "from": 21999999, "count": 0, "percentile": 0.0, "totalCount": 0}, {"to": 23999999, "from": 22999999, "count": 0, "percentile": 0.0, "totalCount": 0}, {"to": 24999999, "from": 23999999, "count": 0, "percentile": 0.0, "totalCount": 0}, {"to": 25999999, "from": 24999999, "count": 0, "percentile": 0.0, "totalCount": 0}, {"to": 26999999, "from": 25999999, "count": 0, "percentile": 0.0, "totalCount": 0}, {"to": 27999999, "from": 26999999, "count": 0, "percentile": 0.0, "totalCount": 0}, {"to": 28999999, "from": 27999999, "count": 0, "percentile": 0.0, "totalCount": 0}, {"to": 29999999, "from": 28999999, "count": 0, "percentile": 0.0, "totalCount": 0}, {"to": 30999999, "from": 29999999, "count": 0, "percentile": 0.0, "totalCount": 0}, {"to": 31999999, "from": 30999999, "count": 0, "percentile": 0.0, "totalCount": 0}, {"to": 32999999, "from": 31999999, "count": 0, "percentile": 0.0, "totalCount": 0}, {"to": 33999999, "from": 32999999, "count": 0, "percentile": 0.0, "totalCount": 0}, {"to": 34999999, "from": 33999999, "count": 0, "percentile": 0.0, "totalCount": 0}, {"to": 35999999, "from": 34999999, "count": 0, "percentile": 0.0, "totalCount": 0}, {"to": 36999999, "from": 35999999, "count": 0, "percentile": 0.0, "totalCount": 0}, {"to": 37999999, "from": 36999999, "count": 0, "percentile": 0.0, "totalCount": 0}, {"to": 38999999, "from": 37999999, "count": 0, "percentile": 0.0, "totalCount": 0}, {"to": 39999999, "from": 38999999, "count": 0, "percentile": 0.0, "totalCount": 0}, {"to": 40999999, "from": 39999999, "count": 0, "percentile": 0.0, "totalCount": 0}, {"to": 41999999, "from": 40999999, "count": 0, "percentile": 0.0, "totalCount": 0}, {"to": 42999999, "from": 41999999, "count": 0, "percentile": 0.0, "totalCount": 0}, {"to": 43999999, "from": 42999999, "count": 0, "percentile": 0.0, "totalCount": 0}, {"to": 44999999, "from": 43999999, "count": 0, "percentile": 0.0, "totalCount": 0}, {"to": 45999999, "from": 44999999, "count": 0, "percentile": 0.0, "totalCount": 0}, {"to": 46999999, "from": 45999999, "count": 0, "percentile": 0.0, "totalCount": 0}, {"to": 47999999, "from": 46999999, "count": 0, "percentile": 0.0, "totalCount": 0}, {"to": 48999999, "from": 47999999, "count": 0, "percentile": 0.0, "totalCount": 0}, {"to": 49999999, "from": 48999999, "count": 0, "percentile": 0.0, "totalCount": 0}, {"to": 50999999, "from": 49999999, "count": 0, "percentile": 0.0, "totalCount": 0}, {"to": 51999999, "from": 50999999, "count": 0, "percentile": 0.0, "totalCount": 0}, {"to": 52999999, "from": 51999999, "count": 0, "percentile": 0.0, "totalCount": 0}, {"to": 53999999, "from": 52999999, "count": 0, "percentile": 0.0, "totalCount": 0}, {"to": 54999999, "from": 53999999, "count": 0, "percentile": 0.0, "totalCount": 0}, {"to": 55999999, "from": 54999999, "count": 0, "percentile": 0.0, "totalCount": 0}, {"to": 56999999, "from": 55999999, "count": 0, "percentile": 0.0, "totalCount": 0}, {"to": 57999999, "from": 56999999, "count": 0, "percentile": 0.0, "totalCount": 0}, {"to": 58999999, "from": 57999999, "count": 0, "percentile": 0.0, "totalCount": 0}, {"to": 59999999, "from": 58999999, "count": 0, "percentile": 0.0, "totalCount": 0}, {"to": 60999999, "from": 59999999, "count": 0, "percentile": 0.0, "totalCount": 0}, {"to": 61999999, "from": 60999999, "count": 0, "percentile": 0.0, "totalCount": 0}, {"to": 62999999, "from": 61999999, "count": 0, "percentile": 0.0, "totalCount": 0}, {"to": 63999999, "from": 62999999, "count": 0, "percentile": 0.0, "totalCount": 0}, {"to": 64999999, "from": 63999999, "count": 0, "percentile": 0.0, "totalCount": 0}, {"to": 65999999, "from": 64999999, "count": 0, "percentile": 0.0, "totalCount": 0}, {"to": 66999999, "from": 65999999, "count": 0, "percentile": 0.0, "totalCount": 0}, {"to": 67999999, "from": 66999999, "count": 0, "percentile": 0.0, "totalCount": 0}, {"to": 68999999, "from": 67999999, "count": 0, "percentile": 0.0, "totalCount": 0}, {"to": 69999999, "from": 68999999, "count": 0, "percentile": 0.0, "totalCount": 0}, {"to": 70999999, "from": 69999999, "count": 0, "percentile": 0.0, "totalCount": 0}, {"to": 71999999, "from": 70999999, "count": 0, "percentile": 0.0, "totalCount": 0}, {"to": 72999999, "from": 71999999, "count": 0, "percentile": 0.0, "totalCount": 0}, {"to": 73999999, "from": 72999999, "count": 0, "percentile": 0.0, "totalCount": 0}, {"to": 74999999, "from": 73999999, "count": 0, "percentile": 0.0, "totalCount": 0}, {"to": 75999999, "from": 74999999, "count": 0, "percentile": 0.0, "totalCount": 0}, {"to": 76999999, "from": 75999999, "count": 0, "percentile": 0.0, "totalCount": 0}, {"to": 77999999, "from": 76999999, "count": 0, "percentile": 0.0, "totalCount": 0}, {"to": 78999999, "from": 77999999, "count": 0, "percentile": 0.0, "totalCount": 0}, {"to": 79999999, "from": 78999999, "count": 0, "percentile": 0.0, "totalCount": 0}, {"to": 80999999, "from": 79999999, "count": 0, "percentile": 0.0, "totalCount": 0}, {"to": 81999999, "from": 80999999, "count": 0, "percentile": 0.0, "totalCount": 0}, {"to": 82999999, "from": 81999999, "count": 0, "percentile": 0.0, "totalCount": 0}, {"to": 83999999, "from": 82999999, "count": 0, "percentile": 0.0, "totalCount": 0}, {"to": 84999999, "from": 83999999, "count": 0, "percentile": 0.0, "totalCount": 0}, {"to": 85999999, "from": 84999999, "count": 0, "percentile": 0.0, "totalCount": 0}, {"to": 86999999, "from": 85999999, "count": 0, "percentile": 0.0, "totalCount": 0}, {"to": 87999999, "from": 86999999, "count": 0, "percentile": 0.0, "totalCount": 0}, {"to": 88999999, "from": 87999999, "count": 0, "percentile": 0.0, "totalCount": 0}, {"to": 89999999, "from": 88999999, "count": 0, "percentile": 0.0, "totalCount": 0}, {"to": 90999999, "from": 89999999, "count": 0, "percentile": 0.0, "totalCount": 0}, {"to": 91999999, "from": 90999999, "count": 0, "percentile": 0.0, "totalCount": 0}, {"to": 92999999, "from": 91999999, "count": 0, "percentile": 0.0, "totalCount": 0}, {"to": 93999999, "from": 92999999, "count": 0, "percentile": 0.0, "totalCount": 0}, {"to": 94999999, "from": 93999999, "count": 0, "percentile": 0.0, "totalCount": 0}, {"to": 95999999, "from": 94999999, "count": 0, "percentile": 0.0, "totalCount": 0}, {"to": 96999999, "from": 95999999, "count": 0, "percentile": 0.0, "totalCount": 0}, {"to": 97999999, "from": 96999999, "count": 0, "percentile": 0.0, "totalCount": 0}, {"to": 98999999, "from": 97999999, "count": 0, "percentile": 0.0, "totalCount": 0}, {"to": 99999999, "from": 98999999, "count": 0, "percentile": 0.0, "totalCount": 0}, {"to": 100999999, "from": 99999999, "count": 0, "percentile": 0.0, "totalCount": 0}, {"to": 101999999, "from": 100999999, "count": 0, "percentile": 0.0, "totalCount": 0}, {"to": 102999999, "from": 101999999, "count": 0, "percentile": 0.0, "totalCount": 0}, {"to": 103999999, "from": 102999999, "count": 0, "percentile": 0.0, "totalCount": 0}, {"to": 104999999, "from": 103999999, "count": 0, "percentile": 0.0, "totalCount": 0}, {"to": 105999999, "from": 104999999, "count": 0, "percentile": 0.0, "totalCount": 0}, {"to": 106999999, "from": 105999999, "count": 0, "percentile": 0.0, "totalCount": 0}, {"to": 107999999, "from": 106999999, "count": 0, "percentile": 0.0, "totalCount": 0}, {"to": 108999999, "from": 107999999, "count": 0, "percentile": 0.0, "totalCount": 0}, {"to": 109999999, "from": 108999999, "count": 0, "percentile": 0.0, "totalCount": 0}, {"to": 110999999, "from": 109999999, "count": 0, "percentile": 0.0, "totalCount": 0}, {"to": 111999999, "from": 110999999, "count": 0, "percentile": 0.0, "totalCount": 0}, {"to": 112999999, "from": 111999999, "count": 0, "percentile": 0.0, "totalCount": 0}, {"to": 113999999, "from": 112999999, "count": 0, "percentile": 0.0, "totalCount": 0}, {"to": 114999999, "from": 113999999, "count": 0, "percentile": 0.0, "totalCount": 0}, {"to": 115999999, "from": 114999999, "count": 0, "percentile": 0.0, "totalCount": 0}, {"to": 116999999, "from": 115999999, "count": 0, "percentile": 0.0, "totalCount": 0}, {"to": 117999999, "from": 116999999, "count": 0, "percentile": 0.0, "totalCount": 0}, {"to": 118999999, "from": 117999999, "count": 0, "percentile": 0.0, "totalCount": 0}, {"to": 119999999, "from": 118999999, "count": 0, "percentile": 0.0, "totalCount": 0}, {"to": 120999999, "from": 119999999, "count": 0, "percentile": 0.0, "totalCount": 0}, {"to": 121999999, "from": 120999999, "count": 0, "percentile": 0.0, "totalCount": 0}, {"to": 122999999, "from": 121999999, "count": 0, "percentile": 0.0, "totalCount": 0}, {"to": 123999999, "from": 122999999, "count": 0, "percentile": 0.0, "totalCount": 0}, {"to": 124999999, "from": 123999999, "count": 0, "percentile": 0.0, "totalCount": 0}, {"to": 125999999, "from": 124999999, "count": 0, "percentile": 0.0, "totalCount": 0}, {"to": 126999999, "from": 125999999, "count": 0, "percentile": 0.0, "totalCount": 0}, {"to": 127999999, "from": 126999999, "count": 0, "percentile": 0.0, "totalCount": 0}, {"to": 128999999, "from": 127999999, "count": 0, "percentile": 0.0, "totalCount": 0}, {"to": 129999999, "from": 128999999, "count": 0, "percentile": 0.0, "totalCount": 0}, {"to": 130999999, "from": 129999999, "count": 0, "percentile": 0.0, "totalCount": 0}, {"to": 131999999, "from": 130999999, "count": 0, "percentile": 0.0, "totalCount": 0}, {"to": 132999999, "from": 131999999, "count": 0, "percentile": 0.0, "totalCount": 0}, {"to": 133999999, "from": 132999999, "count": 0, "percentile": 0.0, "totalCount": 0}, {"to": 134999999, "from": 133999999, "count": 0, "percentile": 0.0, "totalCount": 0}, {"to": 135999999, "from": 134999999, "count": 0, "percentile": 0.0, "totalCount": 0}, {"to": 136999999, "from": 135999999, "count": 0, "percentile": 0.0, "totalCount": 0}, {"to": 137999999, "from": 136999999, "count": 0, "percentile": 0.0, "totalCount": 0}, {"to": 138999999, "from": 137999999, "count": 0, "percentile": 0.0, "totalCount": 0}, {"to": 139999999, "from": 138999999, "count": 0, "percentile": 0.0, "totalCount": 0}, {"to": 140999999, "from": 139999999, "count": 0, "percentile": 0.0, "totalCount": 0}, {"to": 141999999, "from": 140999999, "count": 0, "percentile": 0.0, "totalCount": 0}, {"to": 142999999, "from": 141999999, "count": 0, "percentile": 0.0, "totalCount": 0}, {"to": 143999999, "from": 142999999, "count": 0, "percentile": 0.0, "totalCount": 0}, {"to": 144999999, "from": 143999999, "count": 0, "percentile": 0.0, "totalCount": 0}, {"to": 145999999, "from": 144999999, "count": 0, "percentile": 0.0, "totalCount": 0}, {"to": 146999999, "from": 145999999, "count": 0, "percentile": 0.0, "totalCount": 0}, {"to": 147999999, "from": 146999999, "count": 0, "percentile": 0.0, "totalCount": 0}, {"to": 148999999, "from": 147999999, "count": 0, "percentile": 0.0, "totalCount": 0}, {"to": 149999999, "from": 148999999, "count": 0, "percentile": 0.0, "totalCount": 0}, {"to": 150999999, "from": 149999999, "count": 0, "percentile": 0.0, "totalCount": 0}, {"to": 151999999, "from": 150999999, "count": 0, "percentile": 0.0, "totalCount": 0}, {"to": 152999999, "from": 151999999, "count": 0, "percentile": 0.0, "totalCount": 0}, {"to": 153999999, "from": 152999999, "count": 0, "percentile": 0.0, "totalCount": 0}, {"to": 154999999, "from": 153999999, "count": 0, "percentile": 0.0, "totalCount": 0}, {"to": 155999999, "from": 154999999, "count": 0, "percentile": 0.0, "totalCount": 0}, {"to": 156999999, "from": 155999999, "count": 0, "percentile": 0.0, "totalCount": 0}, {"to": 157999999, "from": 156999999, "count": 0, "percentile": 0.0, "totalCount": 0}, {"to": 158999999, "from": 157999999, "count": 0, "percentile": 0.0, "totalCount": 0}, {"to": 159999999, "from": 158999999, "count": 0, "percentile": 0.0, "totalCount": 0}, {"to": 160999999, "from": 159999999, "count": 0, "percentile": 0.0, "totalCount": 0}, {"to": 161999999, "from": 160999999, "count": 0, "percentile": 0.0, "totalCount": 0}, {"to": 162999999, "from": 161999999, "count": 0, "percentile": 0.0, "totalCount": 0}, {"to": 163999999, "from": 162999999, "count": 0, "percentile": 0.0, "totalCount": 0}, {"to": 164999999, "from": 163999999, "count": 0, "percentile": 0.0, "totalCount": 0}, {"to": 165999999, "from": 164999999, "count": 0, "percentile": 0.0, "totalCount": 0}, {"to": 166999999, "from": 165999999, "count": 0, "percentile": 0.0, "totalCount": 0}, {"to": 167999999, "from": 166999999, "count": 0, "percentile": 0.0, "totalCount": 0}, {"to": 168999999, "from": 167999999, "count": 0, "percentile": 0.0, "totalCount": 0}, {"to": 169999999, "from": 168999999, "count": 0, "percentile": 0.0, "totalCount": 0}, {"to": 170999999, "from": 169999999, "count": 0, "percentile": 0.0, "totalCount": 0}, {"to": 171999999, "from": 170999999, "count": 0, "percentile": 0.0, "totalCount": 0}, {"to": 172999999, "from": 171999999, "count": 0, "percentile": 0.0, "totalCount": 0}, {"to": 173999999, "from": 172999999, "count": 0, "percentile": 0.0, "totalCount": 0}, {"to": 174999999, "from": 173999999, "count": 0, "percentile": 0.0, "totalCount": 0}, {"to": 175999999, "from": 174999999, "count": 0, "percentile": 0.0, "totalCount": 0}, {"to": 176999999, "from": 175999999, "count": 0, "percentile": 0.0, "totalCount": 0}, {"to": 177999999, "from": 176999999, "count": 0, "percentile": 0.0, "totalCount": 0}, {"to": 178999999, "from": 177999999, "count": 0, "percentile": 0.0, "totalCount": 0}, {"to": 179999999, "from": 178999999, "count": 1, "percentile": 1.0, "totalCount": 1}], "percentiles": [{"to": 180355071, "from": 0.0, "count": 1, "percentile": 0.0, "totalCount": 1}, {"to": 180355071, "from": 180355071, "count": 0, "percentile": 1.0, "totalCount": 1}]}}}}}}}}}, "total": [{"end": 1580896854677, "phase": "example", "start": 1580896854471, "custom": [], "metric": "test", "summary": {"endTime": 1580896854677, "invalid": 0, "timeouts": 0, "cacheHits": 0, "startTime": 1580896854471, "resetCount": 0, "status_2xx": 0, "status_3xx": 1, "status_4xx": 0, "status_5xx": 0, "blockedTime": 0, "blockedCount": 0, "meanSendTime": 2599478, "requestCount": 1, "status_other": 0, "responseCount": 1, "maxResponseTime": 180355071, "minResponseTime": 179306496, "meanResponseTime": 179830784, "connectFailureCount": 0, "percentileResponseTime": {"50.0": 180355071, "90.0": 180355071, "99.0": 180355071, "99.9": 180355071, "99.99": 180355071}}}]}}, "phase": {"example": {"iteration": {":DEFAULT:": {"fork": {":DEFAULT:": {"metric": {"test": {"series": [{"endTime": 1580896854677, "invalid": 0, "timeouts": 0, "cacheHits": 0, "startTime": 1580896854471, "resetCount": 0, "status_2xx": 0, "status_3xx": 1, "status_4xx": 0, "status_5xx": 0, "blockedTime": 0, "blockedCount": 0, "meanSendTime": 2599478, "requestCount": 1, "status_other": 0, "responseCount": 1, "maxResponseTime": 180355071, "minResponseTime": 179306496, "meanResponseTime": 179830784, "connectFailureCount": 0, "percentileResponseTime": {"50.0": 180355071, "90.0": 180355071, "99.0": 180355071, "99.9": 180355071, "99.99": 180355071}}], "histogram": {"linear": [{"to": 999999.0, "from": 0.0, "count": 0, "percentile": 0.0, "totalCount": 0}, {"to": 1999999.0, "from": 999999.0, "count": 0, "percentile": 0.0, "totalCount": 0}, {"to": 2999999.0, "from": 1999999.0, "count": 0, "percentile": 0.0, "totalCount": 0}, {"to": 3999999.0, "from": 2999999.0, "count": 0, "percentile": 0.0, "totalCount": 0}, {"to": 4999999.0, "from": 3999999.0, "count": 0, "percentile": 0.0, "totalCount": 0}, {"to": 5999999.0, "from": 4999999.0, "count": 0, "percentile": 0.0, "totalCount": 0}, {"to": 6999999.0, "from": 5999999.0, "count": 0, "percentile": 0.0, "totalCount": 0}, {"to": 7999999.0, "from": 6999999.0, "count": 0, "percentile": 0.0, "totalCount": 0}, {"to": 8999999.0, "from": 7999999.0, "count": 0, "percentile": 0.0, "totalCount": 0}, {"to": 9999999.0, "from": 8999999.0, "count": 0, "percentile": 0.0, "totalCount": 0}, {"to": 10999999, "from": 9999999.0, "count": 0, "percentile": 0.0, "totalCount": 0}, {"to": 11999999, "from": 10999999, "count": 0, "percentile": 0.0, "totalCount": 0}, {"to": 12999999, "from": 11999999, "count": 0, "percentile": 0.0, "totalCount": 0}, {"to": 13999999, "from": 12999999, "count": 0, "percentile": 0.0, "totalCount": 0}, {"to": 14999999, "from": 13999999, "count": 0, "percentile": 0.0, "totalCount": 0}, {"to": 15999999, "from": 14999999, "count": 0, "percentile": 0.0, "totalCount": 0}, {"to": 16999999, "from": 15999999, "count": 0, "percentile": 0.0, "totalCount": 0}, {"to": 17999999, "from": 16999999, "count": 0, "percentile": 0.0, "totalCount": 0}, {"to": 18999999, "from": 17999999, "count": 0, "percentile": 0.0, "totalCount": 0}, {"to": 19999999, "from": 18999999, "count": 0, "percentile": 0.0, "totalCount": 0}, {"to": 20999999, "from": 19999999, "count": 0, "percentile": 0.0, "totalCount": 0}, {"to": 21999999, "from": 20999999, "count": 0, "percentile": 0.0, "totalCount": 0}, {"to": 22999999, "from": 21999999, "count": 0, "percentile": 0.0, "totalCount": 0}, {"to": 23999999, "from": 22999999, "count": 0, "percentile": 0.0, "totalCount": 0}, {"to": 24999999, "from": 23999999, "count": 0, "percentile": 0.0, "totalCount": 0}, {"to": 25999999, "from": 24999999, "count": 0, "percentile": 0.0, "totalCount": 0}, {"to": 26999999, "from": 25999999, "count": 0, "percentile": 0.0, "totalCount": 0}, {"to": 27999999, "from": 26999999, "count": 0, "percentile": 0.0, "totalCount": 0}, {"to": 28999999, "from": 27999999, "count": 0, "percentile": 0.0, "totalCount": 0}, {"to": 29999999, "from": 28999999, "count": 0, "percentile": 0.0, "totalCount": 0}, {"to": 30999999, "from": 29999999, "count": 0, "percentile": 0.0, "totalCount": 0}, {"to": 31999999, "from": 30999999, "count": 0, "percentile": 0.0, "totalCount": 0}, {"to": 32999999, "from": 31999999, "count": 0, "percentile": 0.0, "totalCount": 0}, {"to": 33999999, "from": 32999999, "count": 0, "percentile": 0.0, "totalCount": 0}, {"to": 34999999, "from": 33999999, "count": 0, "percentile": 0.0, "totalCount": 0}, {"to": 35999999, "from": 34999999, "count": 0, "percentile": 0.0, "totalCount": 0}, {"to": 36999999, "from": 35999999, "count": 0, "percentile": 0.0, "totalCount": 0}, {"to": 37999999, "from": 36999999, "count": 0, "percentile": 0.0, "totalCount": 0}, {"to": 38999999, "from": 37999999, "count": 0, "percentile": 0.0, "totalCount": 0}, {"to": 39999999, "from": 38999999, "count": 0, "percentile": 0.0, "totalCount": 0}, {"to": 40999999, "from": 39999999, "count": 0, "percentile": 0.0, "totalCount": 0}, {"to": 41999999, "from": 40999999, "count": 0, "percentile": 0.0, "totalCount": 0}, {"to": 42999999, "from": 41999999, "count": 0, "percentile": 0.0, "totalCount": 0}, {"to": 43999999, "from": 42999999, "count": 0, "percentile": 0.0, "totalCount": 0}, {"to": 44999999, "from": 43999999, "count": 0, "percentile": 0.0, "totalCount": 0}, {"to": 45999999, "from": 44999999, "count": 0, "percentile": 0.0, "totalCount": 0}, {"to": 46999999, "from": 45999999, "count": 0, "percentile": 0.0, "totalCount": 0}, {"to": 47999999, "from": 46999999, "count": 0, "percentile": 0.0, "totalCount": 0}, {"to": 48999999, "from": 47999999, "count": 0, "percentile": 0.0, "totalCount": 0}, {"to": 49999999, "from": 48999999, "count": 0, "percentile": 0.0, "totalCount": 0}, {"to": 50999999, "from": 49999999, "count": 0, "percentile": 0.0, "totalCount": 0}, {"to": 51999999, "from": 50999999, "count": 0, "percentile": 0.0, "totalCount": 0}, {"to": 52999999, "from": 51999999, "count": 0, "percentile": 0.0, "totalCount": 0}, {"to": 53999999, "from": 52999999, "count": 0, "percentile": 0.0, "totalCount": 0}, {"to": 54999999, "from": 53999999, "count": 0, "percentile": 0.0, "totalCount": 0}, {"to": 55999999, "from": 54999999, "count": 0, "percentile": 0.0, "totalCount": 0}, {"to": 56999999, "from": 55999999, "count": 0, "percentile": 0.0, "totalCount": 0}, {"to": 57999999, "from": 56999999, "count": 0, "percentile": 0.0, "totalCount": 0}, {"to": 58999999, "from": 57999999, "count": 0, "percentile": 0.0, "totalCount": 0}, {"to": 59999999, "from": 58999999, "count": 0, "percentile": 0.0, "totalCount": 0}, {"to": 60999999, "from": 59999999, "count": 0, "percentile": 0.0, "totalCount": 0}, {"to": 61999999, "from": 60999999, "count": 0, "percentile": 0.0, "totalCount": 0}, {"to": 62999999, "from": 61999999, "count": 0, "percentile": 0.0, "totalCount": 0}, {"to": 63999999, "from": 62999999, "count": 0, "percentile": 0.0, "totalCount": 0}, {"to": 64999999, "from": 63999999, "count": 0, "percentile": 0.0, "totalCount": 0}, {"to": 65999999, "from": 64999999, "count": 0, "percentile": 0.0, "totalCount": 0}, {"to": 66999999, "from": 65999999, "count": 0, "percentile": 0.0, "totalCount": 0}, {"to": 67999999, "from": 66999999, "count": 0, "percentile": 0.0, "totalCount": 0}, {"to": 68999999, "from": 67999999, "count": 0, "percentile": 0.0, "totalCount": 0}, {"to": 69999999, "from": 68999999, "count": 0, "percentile": 0.0, "totalCount": 0}, {"to": 70999999, "from": 69999999, "count": 0, "percentile": 0.0, "totalCount": 0}, {"to": 71999999, "from": 70999999, "count": 0, "percentile": 0.0, "totalCount": 0}, {"to": 72999999, "from": 71999999, "count": 0, "percentile": 0.0, "totalCount": 0}, {"to": 73999999, "from": 72999999, "count": 0, "percentile": 0.0, "totalCount": 0}, {"to": 74999999, "from": 73999999, "count": 0, "percentile": 0.0, "totalCount": 0}, {"to": 75999999, "from": 74999999, "count": 0, "percentile": 0.0, "totalCount": 0}, {"to": 76999999, "from": 75999999, "count": 0, "percentile": 0.0, "totalCount": 0}, {"to": 77999999, "from": 76999999, "count": 0, "percentile": 0.0, "totalCount": 0}, {"to": 78999999, "from": 77999999, "count": 0, "percentile": 0.0, "totalCount": 0}, {"to": 79999999, "from": 78999999, "count": 0, "percentile": 0.0, "totalCount": 0}, {"to": 80999999, "from": 79999999, "count": 0, "percentile": 0.0, "totalCount": 0}, {"to": 81999999, "from": 80999999, "count": 0, "percentile": 0.0, "totalCount": 0}, {"to": 82999999, "from": 81999999, "count": 0, "percentile": 0.0, "totalCount": 0}, {"to": 83999999, "from": 82999999, "count": 0, "percentile": 0.0, "totalCount": 0}, {"to": 84999999, "from": 83999999, "count": 0, "percentile": 0.0, "totalCount": 0}, {"to": 85999999, "from": 84999999, "count": 0, "percentile": 0.0, "totalCount": 0}, {"to": 86999999, "from": 85999999, "count": 0, "percentile": 0.0, "totalCount": 0}, {"to": 87999999, "from": 86999999, "count": 0, "percentile": 0.0, "totalCount": 0}, {"to": 88999999, "from": 87999999, "count": 0, "percentile": 0.0, "totalCount": 0}, {"to": 89999999, "from": 88999999, "count": 0, "percentile": 0.0, "totalCount": 0}, {"to": 90999999, "from": 89999999, "count": 0, "percentile": 0.0, "totalCount": 0}, {"to": 91999999, "from": 90999999, "count": 0, "percentile": 0.0, "totalCount": 0}, {"to": 92999999, "from": 91999999, "count": 0, "percentile": 0.0, "totalCount": 0}, {"to": 93999999, "from": 92999999, "count": 0, "percentile": 0.0, "totalCount": 0}, {"to": 94999999, "from": 93999999, "count": 0, "percentile": 0.0, "totalCount": 0}, {"to": 95999999, "from": 94999999, "count": 0, "percentile": 0.0, "totalCount": 0}, {"to": 96999999, "from": 95999999, "count": 0, "percentile": 0.0, "totalCount": 0}, {"to": 97999999, "from": 96999999, "count": 0, "percentile": 0.0, "totalCount": 0}, {"to": 98999999, "from": 97999999, "count": 0, "percentile": 0.0, "totalCount": 0}, {"to": 99999999, "from": 98999999, "count": 0, "percentile": 0.0, "totalCount": 0}, {"to": 100999999, "from": 99999999, "count": 0, "percentile": 0.0, "totalCount": 0}, {"to": 101999999, "from": 100999999, "count": 0, "percentile": 0.0, "totalCount": 0}, {"to": 102999999, "from": 101999999, "count": 0, "percentile": 0.0, "totalCount": 0}, {"to": 103999999, "from": 102999999, "count": 0, "percentile": 0.0, "totalCount": 0}, {"to": 104999999, "from": 103999999, "count": 0, "percentile": 0.0, "totalCount": 0}, {"to": 105999999, "from": 104999999, "count": 0, "percentile": 0.0, "totalCount": 0}, {"to": 106999999, "from": 105999999, "count": 0, "percentile": 0.0, "totalCount": 0}, {"to": 107999999, "from": 106999999, "count": 0, "percentile": 0.0, "totalCount": 0}, {"to": 108999999, "from": 107999999, "count": 0, "percentile": 0.0, "totalCount": 0}, {"to": 109999999, "from": 108999999, "count": 0, "percentile": 0.0, "totalCount": 0}, {"to": 110999999, "from": 109999999, "count": 0, "percentile": 0.0, "totalCount": 0}, {"to": 111999999, "from": 110999999, "count": 0, "percentile": 0.0, "totalCount": 0}, {"to": 112999999, "from": 111999999, "count": 0, "percentile": 0.0, "totalCount": 0}, {"to": 113999999, "from": 112999999, "count": 0, "percentile": 0.0, "totalCount": 0}, {"to": 114999999, "from": 113999999, "count": 0, "percentile": 0.0, "totalCount": 0}, {"to": 115999999, "from": 114999999, "count": 0, "percentile": 0.0, "totalCount": 0}, {"to": 116999999, "from": 115999999, "count": 0, "percentile": 0.0, "totalCount": 0}, {"to": 117999999, "from": 116999999, "count": 0, "percentile": 0.0, "totalCount": 0}, {"to": 118999999, "from": 117999999, "count": 0, "percentile": 0.0, "totalCount": 0}, {"to": 119999999, "from": 118999999, "count": 0, "percentile": 0.0, "totalCount": 0}, {"to": 120999999, "from": 119999999, "count": 0, "percentile": 0.0, "totalCount": 0}, {"to": 121999999, "from": 120999999, "count": 0, "percentile": 0.0, "totalCount": 0}, {"to": 122999999, "from": 121999999, "count": 0, "percentile": 0.0, "totalCount": 0}, {"to": 123999999, "from": 122999999, "count": 0, "percentile": 0.0, "totalCount": 0}, {"to": 124999999, "from": 123999999, "count": 0, "percentile": 0.0, "totalCount": 0}, {"to": 125999999, "from": 124999999, "count": 0, "percentile": 0.0, "totalCount": 0}, {"to": 126999999, "from": 125999999, "count": 0, "percentile": 0.0, "totalCount": 0}, {"to": 127999999, "from": 126999999, "count": 0, "percentile": 0.0, "totalCount": 0}, {"to": 128999999, "from": 127999999, "count": 0, "percentile": 0.0, "totalCount": 0}, {"to": 129999999, "from": 128999999, "count": 0, "percentile": 0.0, "totalCount": 0}, {"to": 130999999, "from": 129999999, "count": 0, "percentile": 0.0, "totalCount": 0}, {"to": 131999999, "from": 130999999, "count": 0, "percentile": 0.0, "totalCount": 0}, {"to": 132999999, "from": 131999999, "count": 0, "percentile": 0.0, "totalCount": 0}, {"to": 133999999, "from": 132999999, "count": 0, "percentile": 0.0, "totalCount": 0}, {"to": 134999999, "from": 133999999, "count": 0, "percentile": 0.0, "totalCount": 0}, {"to": 135999999, "from": 134999999, "count": 0, "percentile": 0.0, "totalCount": 0}, {"to": 136999999, "from": 135999999, "count": 0, "percentile": 0.0, "totalCount": 0}, {"to": 137999999, "from": 136999999, "count": 0, "percentile": 0.0, "totalCount": 0}, {"to": 138999999, "from": 137999999, "count": 0, "percentile": 0.0, "totalCount": 0}, {"to": 139999999, "from": 138999999, "count": 0, "percentile": 0.0, "totalCount": 0}, {"to": 140999999, "from": 139999999, "count": 0, "percentile": 0.0, "totalCount": 0}, {"to": 141999999, "from": 140999999, "count": 0, "percentile": 0.0, "totalCount": 0}, {"to": 142999999, "from": 141999999, "count": 0, "percentile": 0.0, "totalCount": 0}, {"to": 143999999, "from": 142999999, "count": 0, "percentile": 0.0, "totalCount": 0}, {"to": 144999999, "from": 143999999, "count": 0, "percentile": 0.0, "totalCount": 0}, {"to": 145999999, "from": 144999999, "count": 0, "percentile": 0.0, "totalCount": 0}, {"to": 146999999, "from": 145999999, "count": 0, "percentile": 0.0, "totalCount": 0}, {"to": 147999999, "from": 146999999, "count": 0, "percentile": 0.0, "totalCount": 0}, {"to": 148999999, "from": 147999999, "count": 0, "percentile": 0.0, "totalCount": 0}, {"to": 149999999, "from": 148999999, "count": 0, "percentile": 0.0, "totalCount": 0}, {"to": 150999999, "from": 149999999, "count": 0, "percentile": 0.0, "totalCount": 0}, {"to": 151999999, "from": 150999999, "count": 0, "percentile": 0.0, "totalCount": 0}, {"to": 152999999, "from": 151999999, "count": 0, "percentile": 0.0, "totalCount": 0}, {"to": 153999999, "from": 152999999, "count": 0, "percentile": 0.0, "totalCount": 0}, {"to": 154999999, "from": 153999999, "count": 0, "percentile": 0.0, "totalCount": 0}, {"to": 155999999, "from": 154999999, "count": 0, "percentile": 0.0, "totalCount": 0}, {"to": 156999999, "from": 155999999, "count": 0, "percentile": 0.0, "totalCount": 0}, {"to": 157999999, "from": 156999999, "count": 0, "percentile": 0.0, "totalCount": 0}, {"to": 158999999, "from": 157999999, "count": 0, "percentile": 0.0, "totalCount": 0}, {"to": 159999999, "from": 158999999, "count": 0, "percentile": 0.0, "totalCount": 0}, {"to": 160999999, "from": 159999999, "count": 0, "percentile": 0.0, "totalCount": 0}, {"to": 161999999, "from": 160999999, "count": 0, "percentile": 0.0, "totalCount": 0}, {"to": 162999999, "from": 161999999, "count": 0, "percentile": 0.0, "totalCount": 0}, {"to": 163999999, "from": 162999999, "count": 0, "percentile": 0.0, "totalCount": 0}, {"to": 164999999, "from": 163999999, "count": 0, "percentile": 0.0, "totalCount": 0}, {"to": 165999999, "from": 164999999, "count": 0, "percentile": 0.0, "totalCount": 0}, {"to": 166999999, "from": 165999999, "count": 0, "percentile": 0.0, "totalCount": 0}, {"to": 167999999, "from": 166999999, "count": 0, "percentile": 0.0, "totalCount": 0}, {"to": 168999999, "from": 167999999, "count": 0, "percentile": 0.0, "totalCount": 0}, {"to": 169999999, "from": 168999999, "count": 0, "percentile": 0.0, "totalCount": 0}, {"to": 170999999, "from": 169999999, "count": 0, "percentile": 0.0, "totalCount": 0}, {"to": 171999999, "from": 170999999, "count": 0, "percentile": 0.0, "totalCount": 0}, {"to": 172999999, "from": 171999999, "count": 0, "percentile": 0.0, "totalCount": 0}, {"to": 173999999, "from": 172999999, "count": 0, "percentile": 0.0, "totalCount": 0}, {"to": 174999999, "from": 173999999, "count": 0, "percentile": 0.0, "totalCount": 0}, {"to": 175999999, "from": 174999999, "count": 0, "percentile": 0.0, "totalCount": 0}, {"to": 176999999, "from": 175999999, "count": 0, "percentile": 0.0, "totalCount": 0}, {"to": 177999999, "from": 176999999, "count": 0, "percentile": 0.0, "totalCount": 0}, {"to": 178999999, "from": 177999999, "count": 0, "percentile": 0.0, "totalCount": 0}, {"to": 179999999, "from": 178999999, "count": 1, "percentile": 1.0, "totalCount": 1}], "percentiles": [{"to": 180355071, "from": 0.0, "count": 1, "percentile": 0.0, "totalCount": 1}, {"to": 180355071, "from": 180355071, "count": 0, "percentile": 1.0, "totalCount": 1}]}}}}}}}}}, "total": [{"end": 1580896854677, "phase": "example", "start": 1580896854471, "custom": [], "metric": "test", "summary": {"endTime": 1580896854677, "invalid": 0, "timeouts": 0, "cacheHits": 0, "startTime": 1580896854471, "resetCount": 0, "status_2xx": 0, "status_3xx": 1, "status_4xx": 0, "status_5xx": 0, "blockedTime": 0, "blockedCount": 0, "meanSendTime": 2599478, "requestCount": 1, "status_other": 0, "responseCount": 1, "maxResponseTime": 180355071, "minResponseTime": 179306496, "meanResponseTime": 179830784, "connectFailureCount": 0, "percentileResponseTime": {"50.0": 180355071, "90.0": 180355071, "99.0": 180355071, "99.9": 180355071, "99.99": 180355071}}}], "$schema": "http://hyperfoil.io/run-schema/0.6", "failure": []}', 'dev-team', '2020-02-05 11:00:54.462', '2020-02-05 11:00:54.678', 'Some HF run', 2, NULL);
INSERT INTO public.run (id, access, data, owner, start, stop, description, testid, token) VALUES (2, 0, '{"tags": [ "foo" ], "job": "somejob", "info": {"id": "0001", "errors": [], "benchmark": "single-request", "cancelled": false, "startTime": 1580906854462, "description": null, "terminateTime": 1580906854678}, "agent": {"6e18e7e3-6b8e-4c13-a66a-9891d6ce185e": {"phase": {"example": {"iteration": {":DEFAULT:": {"fork": {":DEFAULT:": {"metric": {"test": {"series": [{"endTime": 1580906854677, "invalid": 0, "timeouts": 0, "cacheHits": 0, "startTime": 1580906854471, "resetCount": 0, "status_2xx": 0, "status_3xx": 1, "status_4xx": 0, "status_5xx": 0, "blockedTime": 0, "blockedCount": 0, "meanSendTime": 2599478, "requestCount": 1, "status_other": 0, "responseCount": 1, "maxResponseTime": 180355071, "minResponseTime": 179306496, "meanResponseTime": 179830784, "connectFailureCount": 0, "percentileResponseTime": {"50.0": 180355071, "90.0": 180355071, "99.0": 180355071, "99.9": 180355071, "99.99": 180355071}}], "histogram": {"linear": [{"to": 999999.0, "from": 0.0, "count": 0, "percentile": 0.0, "totalCount": 0}, {"to": 1999999.0, "from": 999999.0, "count": 0, "percentile": 0.0, "totalCount": 0}, {"to": 2999999.0, "from": 1999999.0, "count": 0, "percentile": 0.0, "totalCount": 0}, {"to": 3999999.0, "from": 2999999.0, "count": 0, "percentile": 0.0, "totalCount": 0}, {"to": 4999999.0, "from": 3999999.0, "count": 0, "percentile": 0.0, "totalCount": 0}, {"to": 5999999.0, "from": 4999999.0, "count": 0, "percentile": 0.0, "totalCount": 0}, {"to": 6999999.0, "from": 5999999.0, "count": 0, "percentile": 0.0, "totalCount": 0}, {"to": 7999999.0, "from": 6999999.0, "count": 0, "percentile": 0.0, "totalCount": 0}, {"to": 8999999.0, "from": 7999999.0, "count": 0, "percentile": 0.0, "totalCount": 0}, {"to": 9999999.0, "from": 8999999.0, "count": 0, "percentile": 0.0, "totalCount": 0}, {"to": 10999999, "from": 9999999.0, "count": 0, "percentile": 0.0, "totalCount": 0}, {"to": 11999999, "from": 10999999, "count": 0, "percentile": 0.0, "totalCount": 0}, {"to": 12999999, "from": 11999999, "count": 0, "percentile": 0.0, "totalCount": 0}, {"to": 13999999, "from": 12999999, "count": 0, "percentile": 0.0, "totalCount": 0}, {"to": 14999999, "from": 13999999, "count": 0, "percentile": 0.0, "totalCount": 0}, {"to": 15999999, "from": 14999999, "count": 0, "percentile": 0.0, "totalCount": 0}, {"to": 16999999, "from": 15999999, "count": 0, "percentile": 0.0, "totalCount": 0}, {"to": 17999999, "from": 16999999, "count": 0, "percentile": 0.0, "totalCount": 0}, {"to": 18999999, "from": 17999999, "count": 0, "percentile": 0.0, "totalCount": 0}, {"to": 19999999, "from": 18999999, "count": 0, "percentile": 0.0, "totalCount": 0}, {"to": 20999999, "from": 19999999, "count": 0, "percentile": 0.0, "totalCount": 0}, {"to": 21999999, "from": 20999999, "count": 0, "percentile": 0.0, "totalCount": 0}, {"to": 22999999, "from": 21999999, "count": 0, "percentile": 0.0, "totalCount": 0}, {"to": 23999999, "from": 22999999, "count": 0, "percentile": 0.0, "totalCount": 0}, {"to": 24999999, "from": 23999999, "count": 0, "percentile": 0.0, "totalCount": 0}, {"to": 25999999, "from": 24999999, "count": 0, "percentile": 0.0, "totalCount": 0}, {"to": 26999999, "from": 25999999, "count": 0, "percentile": 0.0, "totalCount": 0}, {"to": 27999999, "from": 26999999, "count": 0, "percentile": 0.0, "totalCount": 0}, {"to": 28999999, "from": 27999999, "count": 0, "percentile": 0.0, "totalCount": 0}, {"to": 29999999, "from": 28999999, "count": 0, "percentile": 0.0, "totalCount": 0}, {"to": 30999999, "from": 29999999, "count": 0, "percentile": 0.0, "totalCount": 0}, {"to": 31999999, "from": 30999999, "count": 0, "percentile": 0.0, "totalCount": 0}, {"to": 32999999, "from": 31999999, "count": 0, "percentile": 0.0, "totalCount": 0}, {"to": 33999999, "from": 32999999, "count": 0, "percentile": 0.0, "totalCount": 0}, {"to": 34999999, "from": 33999999, "count": 0, "percentile": 0.0, "totalCount": 0}, {"to": 35999999, "from": 34999999, "count": 0, "percentile": 0.0, "totalCount": 0}, {"to": 36999999, "from": 35999999, "count": 0, "percentile": 0.0, "totalCount": 0}, {"to": 37999999, "from": 36999999, "count": 0, "percentile": 0.0, "totalCount": 0}, {"to": 38999999, "from": 37999999, "count": 0, "percentile": 0.0, "totalCount": 0}, {"to": 39999999, "from": 38999999, "count": 0, "percentile": 0.0, "totalCount": 0}, {"to": 40999999, "from": 39999999, "count": 0, "percentile": 0.0, "totalCount": 0}, {"to": 41999999, "from": 40999999, "count": 0, "percentile": 0.0, "totalCount": 0}, {"to": 42999999, "from": 41999999, "count": 0, "percentile": 0.0, "totalCount": 0}, {"to": 43999999, "from": 42999999, "count": 0, "percentile": 0.0, "totalCount": 0}, {"to": 44999999, "from": 43999999, "count": 0, "percentile": 0.0, "totalCount": 0}, {"to": 45999999, "from": 44999999, "count": 0, "percentile": 0.0, "totalCount": 0}, {"to": 46999999, "from": 45999999, "count": 0, "percentile": 0.0, "totalCount": 0}, {"to": 47999999, "from": 46999999, "count": 0, "percentile": 0.0, "totalCount": 0}, {"to": 48999999, "from": 47999999, "count": 0, "percentile": 0.0, "totalCount": 0}, {"to": 49999999, "from": 48999999, "count": 0, "percentile": 0.0, "totalCount": 0}, {"to": 50999999, "from": 49999999, "count": 0, "percentile": 0.0, "totalCount": 0}, {"to": 51999999, "from": 50999999, "count": 0, "percentile": 0.0, "totalCount": 0}, {"to": 52999999, "from": 51999999, "count": 0, "percentile": 0.0, "totalCount": 0}, {"to": 53999999, "from": 52999999, "count": 0, "percentile": 0.0, "totalCount": 0}, {"to": 54999999, "from": 53999999, "count": 0, "percentile": 0.0, "totalCount": 0}, {"to": 55999999, "from": 54999999, "count": 0, "percentile": 0.0, "totalCount": 0}, {"to": 56999999, "from": 55999999, "count": 0, "percentile": 0.0, "totalCount": 0}, {"to": 57999999, "from": 56999999, "count": 0, "percentile": 0.0, "totalCount": 0}, {"to": 58999999, "from": 57999999, "count": 0, "percentile": 0.0, "totalCount": 0}, {"to": 59999999, "from": 58999999, "count": 0, "percentile": 0.0, "totalCount": 0}, {"to": 60999999, "from": 59999999, "count": 0, "percentile": 0.0, "totalCount": 0}, {"to": 61999999, "from": 60999999, "count": 0, "percentile": 0.0, "totalCount": 0}, {"to": 62999999, "from": 61999999, "count": 0, "percentile": 0.0, "totalCount": 0}, {"to": 63999999, "from": 62999999, "count": 0, "percentile": 0.0, "totalCount": 0}, {"to": 64999999, "from": 63999999, "count": 0, "percentile": 0.0, "totalCount": 0}, {"to": 65999999, "from": 64999999, "count": 0, "percentile": 0.0, "totalCount": 0}, {"to": 66999999, "from": 65999999, "count": 0, "percentile": 0.0, "totalCount": 0}, {"to": 67999999, "from": 66999999, "count": 0, "percentile": 0.0, "totalCount": 0}, {"to": 68999999, "from": 67999999, "count": 0, "percentile": 0.0, "totalCount": 0}, {"to": 69999999, "from": 68999999, "count": 0, "percentile": 0.0, "totalCount": 0}, {"to": 70999999, "from": 69999999, "count": 0, "percentile": 0.0, "totalCount": 0}, {"to": 71999999, "from": 70999999, "count": 0, "percentile": 0.0, "totalCount": 0}, {"to": 72999999, "from": 71999999, "count": 0, "percentile": 0.0, "totalCount": 0}, {"to": 73999999, "from": 72999999, "count": 0, "percentile": 0.0, "totalCount": 0}, {"to": 74999999, "from": 73999999, "count": 0, "percentile": 0.0, "totalCount": 0}, {"to": 75999999, "from": 74999999, "count": 0, "percentile": 0.0, "totalCount": 0}, {"to": 76999999, "from": 75999999, "count": 0, "percentile": 0.0, "totalCount": 0}, {"to": 77999999, "from": 76999999, "count": 0, "percentile": 0.0, "totalCount": 0}, {"to": 78999999, "from": 77999999, "count": 0, "percentile": 0.0, "totalCount": 0}, {"to": 79999999, "from": 78999999, "count": 0, "percentile": 0.0, "totalCount": 0}, {"to": 80999999, "from": 79999999, "count": 0, "percentile": 0.0, "totalCount": 0}, {"to": 81999999, "from": 80999999, "count": 0, "percentile": 0.0, "totalCount": 0}, {"to": 82999999, "from": 81999999, "count": 0, "percentile": 0.0, "totalCount": 0}, {"to": 83999999, "from": 82999999, "count": 0, "percentile": 0.0, "totalCount": 0}, {"to": 84999999, "from": 83999999, "count": 0, "percentile": 0.0, "totalCount": 0}, {"to": 85999999, "from": 84999999, "count": 0, "percentile": 0.0, "totalCount": 0}, {"to": 86999999, "from": 85999999, "count": 0, "percentile": 0.0, "totalCount": 0}, {"to": 87999999, "from": 86999999, "count": 0, "percentile": 0.0, "totalCount": 0}, {"to": 88999999, "from": 87999999, "count": 0, "percentile": 0.0, "totalCount": 0}, {"to": 89999999, "from": 88999999, "count": 0, "percentile": 0.0, "totalCount": 0}, {"to": 90999999, "from": 89999999, "count": 0, "percentile": 0.0, "totalCount": 0}, {"to": 91999999, "from": 90999999, "count": 0, "percentile": 0.0, "totalCount": 0}, {"to": 92999999, "from": 91999999, "count": 0, "percentile": 0.0, "totalCount": 0}, {"to": 93999999, "from": 92999999, "count": 0, "percentile": 0.0, "totalCount": 0}, {"to": 94999999, "from": 93999999, "count": 0, "percentile": 0.0, "totalCount": 0}, {"to": 95999999, "from": 94999999, "count": 0, "percentile": 0.0, "totalCount": 0}, {"to": 96999999, "from": 95999999, "count": 0, "percentile": 0.0, "totalCount": 0}, {"to": 97999999, "from": 96999999, "count": 0, "percentile": 0.0, "totalCount": 0}, {"to": 98999999, "from": 97999999, "count": 0, "percentile": 0.0, "totalCount": 0}, {"to": 99999999, "from": 98999999, "count": 0, "percentile": 0.0, "totalCount": 0}, {"to": 100999999, "from": 99999999, "count": 0, "percentile": 0.0, "totalCount": 0}, {"to": 101999999, "from": 100999999, "count": 0, "percentile": 0.0, "totalCount": 0}, {"to": 102999999, "from": 101999999, "count": 0, "percentile": 0.0, "totalCount": 0}, {"to": 103999999, "from": 102999999, "count": 0, "percentile": 0.0, "totalCount": 0}, {"to": 104999999, "from": 103999999, "count": 0, "percentile": 0.0, "totalCount": 0}, {"to": 105999999, "from": 104999999, "count": 0, "percentile": 0.0, "totalCount": 0}, {"to": 106999999, "from": 105999999, "count": 0, "percentile": 0.0, "totalCount": 0}, {"to": 107999999, "from": 106999999, "count": 0, "percentile": 0.0, "totalCount": 0}, {"to": 108999999, "from": 107999999, "count": 0, "percentile": 0.0, "totalCount": 0}, {"to": 109999999, "from": 108999999, "count": 0, "percentile": 0.0, "totalCount": 0}, {"to": 110999999, "from": 109999999, "count": 0, "percentile": 0.0, "totalCount": 0}, {"to": 111999999, "from": 110999999, "count": 0, "percentile": 0.0, "totalCount": 0}, {"to": 112999999, "from": 111999999, "count": 0, "percentile": 0.0, "totalCount": 0}, {"to": 113999999, "from": 112999999, "count": 0, "percentile": 0.0, "totalCount": 0}, {"to": 114999999, "from": 113999999, "count": 0, "percentile": 0.0, "totalCount": 0}, {"to": 115999999, "from": 114999999, "count": 0, "percentile": 0.0, "totalCount": 0}, {"to": 116999999, "from": 115999999, "count": 0, "percentile": 0.0, "totalCount": 0}, {"to": 117999999, "from": 116999999, "count": 0, "percentile": 0.0, "totalCount": 0}, {"to": 118999999, "from": 117999999, "count": 0, "percentile": 0.0, "totalCount": 0}, {"to": 119999999, "from": 118999999, "count": 0, "percentile": 0.0, "totalCount": 0}, {"to": 120999999, "from": 119999999, "count": 0, "percentile": 0.0, "totalCount": 0}, {"to": 121999999, "from": 120999999, "count": 0, "percentile": 0.0, "totalCount": 0}, {"to": 122999999, "from": 121999999, "count": 0, "percentile": 0.0, "totalCount": 0}, {"to": 123999999, "from": 122999999, "count": 0, "percentile": 0.0, "totalCount": 0}, {"to": 124999999, "from": 123999999, "count": 0, "percentile": 0.0, "totalCount": 0}, {"to": 125999999, "from": 124999999, "count": 0, "percentile": 0.0, "totalCount": 0}, {"to": 126999999, "from": 125999999, "count": 0, "percentile": 0.0, "totalCount": 0}, {"to": 127999999, "from": 126999999, "count": 0, "percentile": 0.0, "totalCount": 0}, {"to": 128999999, "from": 127999999, "count": 0, "percentile": 0.0, "totalCount": 0}, {"to": 129999999, "from": 128999999, "count": 0, "percentile": 0.0, "totalCount": 0}, {"to": 130999999, "from": 129999999, "count": 0, "percentile": 0.0, "totalCount": 0}, {"to": 131999999, "from": 130999999, "count": 0, "percentile": 0.0, "totalCount": 0}, {"to": 132999999, "from": 131999999, "count": 0, "percentile": 0.0, "totalCount": 0}, {"to": 133999999, "from": 132999999, "count": 0, "percentile": 0.0, "totalCount": 0}, {"to": 134999999, "from": 133999999, "count": 0, "percentile": 0.0, "totalCount": 0}, {"to": 135999999, "from": 134999999, "count": 0, "percentile": 0.0, "totalCount": 0}, {"to": 136999999, "from": 135999999, "count": 0, "percentile": 0.0, "totalCount": 0}, {"to": 137999999, "from": 136999999, "count": 0, "percentile": 0.0, "totalCount": 0}, {"to": 138999999, "from": 137999999, "count": 0, "percentile": 0.0, "totalCount": 0}, {"to": 139999999, "from": 138999999, "count": 0, "percentile": 0.0, "totalCount": 0}, {"to": 140999999, "from": 139999999, "count": 0, "percentile": 0.0, "totalCount": 0}, {"to": 141999999, "from": 140999999, "count": 0, "percentile": 0.0, "totalCount": 0}, {"to": 142999999, "from": 141999999, "count": 0, "percentile": 0.0, "totalCount": 0}, {"to": 143999999, "from": 142999999, "count": 0, "percentile": 0.0, "totalCount": 0}, {"to": 144999999, "from": 143999999, "count": 0, "percentile": 0.0, "totalCount": 0}, {"to": 145999999, "from": 144999999, "count": 0, "percentile": 0.0, "totalCount": 0}, {"to": 146999999, "from": 145999999, "count": 0, "percentile": 0.0, "totalCount": 0}, {"to": 147999999, "from": 146999999, "count": 0, "percentile": 0.0, "totalCount": 0}, {"to": 148999999, "from": 147999999, "count": 0, "percentile": 0.0, "totalCount": 0}, {"to": 149999999, "from": 148999999, "count": 0, "percentile": 0.0, "totalCount": 0}, {"to": 150999999, "from": 149999999, "count": 0, "percentile": 0.0, "totalCount": 0}, {"to": 151999999, "from": 150999999, "count": 0, "percentile": 0.0, "totalCount": 0}, {"to": 152999999, "from": 151999999, "count": 0, "percentile": 0.0, "totalCount": 0}, {"to": 153999999, "from": 152999999, "count": 0, "percentile": 0.0, "totalCount": 0}, {"to": 154999999, "from": 153999999, "count": 0, "percentile": 0.0, "totalCount": 0}, {"to": 155999999, "from": 154999999, "count": 0, "percentile": 0.0, "totalCount": 0}, {"to": 156999999, "from": 155999999, "count": 0, "percentile": 0.0, "totalCount": 0}, {"to": 157999999, "from": 156999999, "count": 0, "percentile": 0.0, "totalCount": 0}, {"to": 158999999, "from": 157999999, "count": 0, "percentile": 0.0, "totalCount": 0}, {"to": 159999999, "from": 158999999, "count": 0, "percentile": 0.0, "totalCount": 0}, {"to": 160999999, "from": 159999999, "count": 0, "percentile": 0.0, "totalCount": 0}, {"to": 161999999, "from": 160999999, "count": 0, "percentile": 0.0, "totalCount": 0}, {"to": 162999999, "from": 161999999, "count": 0, "percentile": 0.0, "totalCount": 0}, {"to": 163999999, "from": 162999999, "count": 0, "percentile": 0.0, "totalCount": 0}, {"to": 164999999, "from": 163999999, "count": 0, "percentile": 0.0, "totalCount": 0}, {"to": 165999999, "from": 164999999, "count": 0, "percentile": 0.0, "totalCount": 0}, {"to": 166999999, "from": 165999999, "count": 0, "percentile": 0.0, "totalCount": 0}, {"to": 167999999, "from": 166999999, "count": 0, "percentile": 0.0, "totalCount": 0}, {"to": 168999999, "from": 167999999, "count": 0, "percentile": 0.0, "totalCount": 0}, {"to": 169999999, "from": 168999999, "count": 0, "percentile": 0.0, "totalCount": 0}, {"to": 170999999, "from": 169999999, "count": 0, "percentile": 0.0, "totalCount": 0}, {"to": 171999999, "from": 170999999, "count": 0, "percentile": 0.0, "totalCount": 0}, {"to": 172999999, "from": 171999999, "count": 0, "percentile": 0.0, "totalCount": 0}, {"to": 173999999, "from": 172999999, "count": 0, "percentile": 0.0, "totalCount": 0}, {"to": 174999999, "from": 173999999, "count": 0, "percentile": 0.0, "totalCount": 0}, {"to": 175999999, "from": 174999999, "count": 0, "percentile": 0.0, "totalCount": 0}, {"to": 176999999, "from": 175999999, "count": 0, "percentile": 0.0, "totalCount": 0}, {"to": 177999999, "from": 176999999, "count": 0, "percentile": 0.0, "totalCount": 0}, {"to": 178999999, "from": 177999999, "count": 0, "percentile": 0.0, "totalCount": 0}, {"to": 179999999, "from": 178999999, "count": 1, "percentile": 1.0, "totalCount": 1}], "percentiles": [{"to": 180355071, "from": 0.0, "count": 1, "percentile": 0.0, "totalCount": 1}, {"to": 180355071, "from": 180355071, "count": 0, "percentile": 1.0, "totalCount": 1}]}}}}}}}}}, "total": [{"end": 1580896854677, "phase": "example", "start": 1580896854471, "custom": [], "metric": "test", "summary": {"endTime": 1580896854677, "invalid": 0, "timeouts": 0, "cacheHits": 0, "startTime": 1580896854471, "resetCount": 0, "status_2xx": 0, "status_3xx": 1, "status_4xx": 0, "status_5xx": 0, "blockedTime": 0, "blockedCount": 0, "meanSendTime": 2599478, "requestCount": 1, "status_other": 0, "responseCount": 1, "maxResponseTime": 180355071, "minResponseTime": 179306496, "meanResponseTime": 179830784, "connectFailureCount": 0, "percentileResponseTime": {"50.0": 180355071, "90.0": 180355071, "99.0": 180355071, "99.9": 180355071, "99.99": 180355071}}}]}}, "phase": {"example": {"iteration": {":DEFAULT:": {"fork": {":DEFAULT:": {"metric": {"test": {"series": [{"endTime": 1580896854677, "invalid": 0, "timeouts": 0, "cacheHits": 0, "startTime": 1580896854471, "resetCount": 0, "status_2xx": 0, "status_3xx": 1, "status_4xx": 0, "status_5xx": 0, "blockedTime": 0, "blockedCount": 0, "meanSendTime": 2599478, "requestCount": 1, "status_other": 0, "responseCount": 1, "maxResponseTime": 180355071, "minResponseTime": 179306496, "meanResponseTime": 179830784, "connectFailureCount": 0, "percentileResponseTime": {"50.0": 180355071, "90.0": 180355071, "99.0": 180355071, "99.9": 180355071, "99.99": 180355071}}], "histogram": {"linear": [{"to": 999999.0, "from": 0.0, "count": 0, "percentile": 0.0, "totalCount": 0}, {"to": 1999999.0, "from": 999999.0, "count": 0, "percentile": 0.0, "totalCount": 0}, {"to": 2999999.0, "from": 1999999.0, "count": 0, "percentile": 0.0, "totalCount": 0}, {"to": 3999999.0, "from": 2999999.0, "count": 0, "percentile": 0.0, "totalCount": 0}, {"to": 4999999.0, "from": 3999999.0, "count": 0, "percentile": 0.0, "totalCount": 0}, {"to": 5999999.0, "from": 4999999.0, "count": 0, "percentile": 0.0, "totalCount": 0}, {"to": 6999999.0, "from": 5999999.0, "count": 0, "percentile": 0.0, "totalCount": 0}, {"to": 7999999.0, "from": 6999999.0, "count": 0, "percentile": 0.0, "totalCount": 0}, {"to": 8999999.0, "from": 7999999.0, "count": 0, "percentile": 0.0, "totalCount": 0}, {"to": 9999999.0, "from": 8999999.0, "count": 0, "percentile": 0.0, "totalCount": 0}, {"to": 10999999, "from": 9999999.0, "count": 0, "percentile": 0.0, "totalCount": 0}, {"to": 11999999, "from": 10999999, "count": 0, "percentile": 0.0, "totalCount": 0}, {"to": 12999999, "from": 11999999, "count": 0, "percentile": 0.0, "totalCount": 0}, {"to": 13999999, "from": 12999999, "count": 0, "percentile": 0.0, "totalCount": 0}, {"to": 14999999, "from": 13999999, "count": 0, "percentile": 0.0, "totalCount": 0}, {"to": 15999999, "from": 14999999, "count": 0, "percentile": 0.0, "totalCount": 0}, {"to": 16999999, "from": 15999999, "count": 0, "percentile": 0.0, "totalCount": 0}, {"to": 17999999, "from": 16999999, "count": 0, "percentile": 0.0, "totalCount": 0}, {"to": 18999999, "from": 17999999, "count": 0, "percentile": 0.0, "totalCount": 0}, {"to": 19999999, "from": 18999999, "count": 0, "percentile": 0.0, "totalCount": 0}, {"to": 20999999, "from": 19999999, "count": 0, "percentile": 0.0, "totalCount": 0}, {"to": 21999999, "from": 20999999, "count": 0, "percentile": 0.0, "totalCount": 0}, {"to": 22999999, "from": 21999999, "count": 0, "percentile": 0.0, "totalCount": 0}, {"to": 23999999, "from": 22999999, "count": 0, "percentile": 0.0, "totalCount": 0}, {"to": 24999999, "from": 23999999, "count": 0, "percentile": 0.0, "totalCount": 0}, {"to": 25999999, "from": 24999999, "count": 0, "percentile": 0.0, "totalCount": 0}, {"to": 26999999, "from": 25999999, "count": 0, "percentile": 0.0, "totalCount": 0}, {"to": 27999999, "from": 26999999, "count": 0, "percentile": 0.0, "totalCount": 0}, {"to": 28999999, "from": 27999999, "count": 0, "percentile": 0.0, "totalCount": 0}, {"to": 29999999, "from": 28999999, "count": 0, "percentile": 0.0, "totalCount": 0}, {"to": 30999999, "from": 29999999, "count": 0, "percentile": 0.0, "totalCount": 0}, {"to": 31999999, "from": 30999999, "count": 0, "percentile": 0.0, "totalCount": 0}, {"to": 32999999, "from": 31999999, "count": 0, "percentile": 0.0, "totalCount": 0}, {"to": 33999999, "from": 32999999, "count": 0, "percentile": 0.0, "totalCount": 0}, {"to": 34999999, "from": 33999999, "count": 0, "percentile": 0.0, "totalCount": 0}, {"to": 35999999, "from": 34999999, "count": 0, "percentile": 0.0, "totalCount": 0}, {"to": 36999999, "from": 35999999, "count": 0, "percentile": 0.0, "totalCount": 0}, {"to": 37999999, "from": 36999999, "count": 0, "percentile": 0.0, "totalCount": 0}, {"to": 38999999, "from": 37999999, "count": 0, "percentile": 0.0, "totalCount": 0}, {"to": 39999999, "from": 38999999, "count": 0, "percentile": 0.0, "totalCount": 0}, {"to": 40999999, "from": 39999999, "count": 0, "percentile": 0.0, "totalCount": 0}, {"to": 41999999, "from": 40999999, "count": 0, "percentile": 0.0, "totalCount": 0}, {"to": 42999999, "from": 41999999, "count": 0, "percentile": 0.0, "totalCount": 0}, {"to": 43999999, "from": 42999999, "count": 0, "percentile": 0.0, "totalCount": 0}, {"to": 44999999, "from": 43999999, "count": 0, "percentile": 0.0, "totalCount": 0}, {"to": 45999999, "from": 44999999, "count": 0, "percentile": 0.0, "totalCount": 0}, {"to": 46999999, "from": 45999999, "count": 0, "percentile": 0.0, "totalCount": 0}, {"to": 47999999, "from": 46999999, "count": 0, "percentile": 0.0, "totalCount": 0}, {"to": 48999999, "from": 47999999, "count": 0, "percentile": 0.0, "totalCount": 0}, {"to": 49999999, "from": 48999999, "count": 0, "percentile": 0.0, "totalCount": 0}, {"to": 50999999, "from": 49999999, "count": 0, "percentile": 0.0, "totalCount": 0}, {"to": 51999999, "from": 50999999, "count": 0, "percentile": 0.0, "totalCount": 0}, {"to": 52999999, "from": 51999999, "count": 0, "percentile": 0.0, "totalCount": 0}, {"to": 53999999, "from": 52999999, "count": 0, "percentile": 0.0, "totalCount": 0}, {"to": 54999999, "from": 53999999, "count": 0, "percentile": 0.0, "totalCount": 0}, {"to": 55999999, "from": 54999999, "count": 0, "percentile": 0.0, "totalCount": 0}, {"to": 56999999, "from": 55999999, "count": 0, "percentile": 0.0, "totalCount": 0}, {"to": 57999999, "from": 56999999, "count": 0, "percentile": 0.0, "totalCount": 0}, {"to": 58999999, "from": 57999999, "count": 0, "percentile": 0.0, "totalCount": 0}, {"to": 59999999, "from": 58999999, "count": 0, "percentile": 0.0, "totalCount": 0}, {"to": 60999999, "from": 59999999, "count": 0, "percentile": 0.0, "totalCount": 0}, {"to": 61999999, "from": 60999999, "count": 0, "percentile": 0.0, "totalCount": 0}, {"to": 62999999, "from": 61999999, "count": 0, "percentile": 0.0, "totalCount": 0}, {"to": 63999999, "from": 62999999, "count": 0, "percentile": 0.0, "totalCount": 0}, {"to": 64999999, "from": 63999999, "count": 0, "percentile": 0.0, "totalCount": 0}, {"to": 65999999, "from": 64999999, "count": 0, "percentile": 0.0, "totalCount": 0}, {"to": 66999999, "from": 65999999, "count": 0, "percentile": 0.0, "totalCount": 0}, {"to": 67999999, "from": 66999999, "count": 0, "percentile": 0.0, "totalCount": 0}, {"to": 68999999, "from": 67999999, "count": 0, "percentile": 0.0, "totalCount": 0}, {"to": 69999999, "from": 68999999, "count": 0, "percentile": 0.0, "totalCount": 0}, {"to": 70999999, "from": 69999999, "count": 0, "percentile": 0.0, "totalCount": 0}, {"to": 71999999, "from": 70999999, "count": 0, "percentile": 0.0, "totalCount": 0}, {"to": 72999999, "from": 71999999, "count": 0, "percentile": 0.0, "totalCount": 0}, {"to": 73999999, "from": 72999999, "count": 0, "percentile": 0.0, "totalCount": 0}, {"to": 74999999, "from": 73999999, "count": 0, "percentile": 0.0, "totalCount": 0}, {"to": 75999999, "from": 74999999, "count": 0, "percentile": 0.0, "totalCount": 0}, {"to": 76999999, "from": 75999999, "count": 0, "percentile": 0.0, "totalCount": 0}, {"to": 77999999, "from": 76999999, "count": 0, "percentile": 0.0, "totalCount": 0}, {"to": 78999999, "from": 77999999, "count": 0, "percentile": 0.0, "totalCount": 0}, {"to": 79999999, "from": 78999999, "count": 0, "percentile": 0.0, "totalCount": 0}, {"to": 80999999, "from": 79999999, "count": 0, "percentile": 0.0, "totalCount": 0}, {"to": 81999999, "from": 80999999, "count": 0, "percentile": 0.0, "totalCount": 0}, {"to": 82999999, "from": 81999999, "count": 0, "percentile": 0.0, "totalCount": 0}, {"to": 83999999, "from": 82999999, "count": 0, "percentile": 0.0, "totalCount": 0}, {"to": 84999999, "from": 83999999, "count": 0, "percentile": 0.0, "totalCount": 0}, {"to": 85999999, "from": 84999999, "count": 0, "percentile": 0.0, "totalCount": 0}, {"to": 86999999, "from": 85999999, "count": 0, "percentile": 0.0, "totalCount": 0}, {"to": 87999999, "from": 86999999, "count": 0, "percentile": 0.0, "totalCount": 0}, {"to": 88999999, "from": 87999999, "count": 0, "percentile": 0.0, "totalCount": 0}, {"to": 89999999, "from": 88999999, "count": 0, "percentile": 0.0, "totalCount": 0}, {"to": 90999999, "from": 89999999, "count": 0, "percentile": 0.0, "totalCount": 0}, {"to": 91999999, "from": 90999999, "count": 0, "percentile": 0.0, "totalCount": 0}, {"to": 92999999, "from": 91999999, "count": 0, "percentile": 0.0, "totalCount": 0}, {"to": 93999999, "from": 92999999, "count": 0, "percentile": 0.0, "totalCount": 0}, {"to": 94999999, "from": 93999999, "count": 0, "percentile": 0.0, "totalCount": 0}, {"to": 95999999, "from": 94999999, "count": 0, "percentile": 0.0, "totalCount": 0}, {"to": 96999999, "from": 95999999, "count": 0, "percentile": 0.0, "totalCount": 0}, {"to": 97999999, "from": 96999999, "count": 0, "percentile": 0.0, "totalCount": 0}, {"to": 98999999, "from": 97999999, "count": 0, "percentile": 0.0, "totalCount": 0}, {"to": 99999999, "from": 98999999, "count": 0, "percentile": 0.0, "totalCount": 0}, {"to": 100999999, "from": 99999999, "count": 0, "percentile": 0.0, "totalCount": 0}, {"to": 101999999, "from": 100999999, "count": 0, "percentile": 0.0, "totalCount": 0}, {"to": 102999999, "from": 101999999, "count": 0, "percentile": 0.0, "totalCount": 0}, {"to": 103999999, "from": 102999999, "count": 0, "percentile": 0.0, "totalCount": 0}, {"to": 104999999, "from": 103999999, "count": 0, "percentile": 0.0, "totalCount": 0}, {"to": 105999999, "from": 104999999, "count": 0, "percentile": 0.0, "totalCount": 0}, {"to": 106999999, "from": 105999999, "count": 0, "percentile": 0.0, "totalCount": 0}, {"to": 107999999, "from": 106999999, "count": 0, "percentile": 0.0, "totalCount": 0}, {"to": 108999999, "from": 107999999, "count": 0, "percentile": 0.0, "totalCount": 0}, {"to": 109999999, "from": 108999999, "count": 0, "percentile": 0.0, "totalCount": 0}, {"to": 110999999, "from": 109999999, "count": 0, "percentile": 0.0, "totalCount": 0}, {"to": 111999999, "from": 110999999, "count": 0, "percentile": 0.0, "totalCount": 0}, {"to": 112999999, "from": 111999999, "count": 0, "percentile": 0.0, "totalCount": 0}, {"to": 113999999, "from": 112999999, "count": 0, "percentile": 0.0, "totalCount": 0}, {"to": 114999999, "from": 113999999, "count": 0, "percentile": 0.0, "totalCount": 0}, {"to": 115999999, "from": 114999999, "count": 0, "percentile": 0.0, "totalCount": 0}, {"to": 116999999, "from": 115999999, "count": 0, "percentile": 0.0, "totalCount": 0}, {"to": 117999999, "from": 116999999, "count": 0, "percentile": 0.0, "totalCount": 0}, {"to": 118999999, "from": 117999999, "count": 0, "percentile": 0.0, "totalCount": 0}, {"to": 119999999, "from": 118999999, "count": 0, "percentile": 0.0, "totalCount": 0}, {"to": 120999999, "from": 119999999, "count": 0, "percentile": 0.0, "totalCount": 0}, {"to": 121999999, "from": 120999999, "count": 0, "percentile": 0.0, "totalCount": 0}, {"to": 122999999, "from": 121999999, "count": 0, "percentile": 0.0, "totalCount": 0}, {"to": 123999999, "from": 122999999, "count": 0, "percentile": 0.0, "totalCount": 0}, {"to": 124999999, "from": 123999999, "count": 0, "percentile": 0.0, "totalCount": 0}, {"to": 125999999, "from": 124999999, "count": 0, "percentile": 0.0, "totalCount": 0}, {"to": 126999999, "from": 125999999, "count": 0, "percentile": 0.0, "totalCount": 0}, {"to": 127999999, "from": 126999999, "count": 0, "percentile": 0.0, "totalCount": 0}, {"to": 128999999, "from": 127999999, "count": 0, "percentile": 0.0, "totalCount": 0}, {"to": 129999999, "from": 128999999, "count": 0, "percentile": 0.0, "totalCount": 0}, {"to": 130999999, "from": 129999999, "count": 0, "percentile": 0.0, "totalCount": 0}, {"to": 131999999, "from": 130999999, "count": 0, "percentile": 0.0, "totalCount": 0}, {"to": 132999999, "from": 131999999, "count": 0, "percentile": 0.0, "totalCount": 0}, {"to": 133999999, "from": 132999999, "count": 0, "percentile": 0.0, "totalCount": 0}, {"to": 134999999, "from": 133999999, "count": 0, "percentile": 0.0, "totalCount": 0}, {"to": 135999999, "from": 134999999, "count": 0, "percentile": 0.0, "totalCount": 0}, {"to": 136999999, "from": 135999999, "count": 0, "percentile": 0.0, "totalCount": 0}, {"to": 137999999, "from": 136999999, "count": 0, "percentile": 0.0, "totalCount": 0}, {"to": 138999999, "from": 137999999, "count": 0, "percentile": 0.0, "totalCount": 0}, {"to": 139999999, "from": 138999999, "count": 0, "percentile": 0.0, "totalCount": 0}, {"to": 140999999, "from": 139999999, "count": 0, "percentile": 0.0, "totalCount": 0}, {"to": 141999999, "from": 140999999, "count": 0, "percentile": 0.0, "totalCount": 0}, {"to": 142999999, "from": 141999999, "count": 0, "percentile": 0.0, "totalCount": 0}, {"to": 143999999, "from": 142999999, "count": 0, "percentile": 0.0, "totalCount": 0}, {"to": 144999999, "from": 143999999, "count": 0, "percentile": 0.0, "totalCount": 0}, {"to": 145999999, "from": 144999999, "count": 0, "percentile": 0.0, "totalCount": 0}, {"to": 146999999, "from": 145999999, "count": 0, "percentile": 0.0, "totalCount": 0}, {"to": 147999999, "from": 146999999, "count": 0, "percentile": 0.0, "totalCount": 0}, {"to": 148999999, "from": 147999999, "count": 0, "percentile": 0.0, "totalCount": 0}, {"to": 149999999, "from": 148999999, "count": 0, "percentile": 0.0, "totalCount": 0}, {"to": 150999999, "from": 149999999, "count": 0, "percentile": 0.0, "totalCount": 0}, {"to": 151999999, "from": 150999999, "count": 0, "percentile": 0.0, "totalCount": 0}, {"to": 152999999, "from": 151999999, "count": 0, "percentile": 0.0, "totalCount": 0}, {"to": 153999999, "from": 152999999, "count": 0, "percentile": 0.0, "totalCount": 0}, {"to": 154999999, "from": 153999999, "count": 0, "percentile": 0.0, "totalCount": 0}, {"to": 155999999, "from": 154999999, "count": 0, "percentile": 0.0, "totalCount": 0}, {"to": 156999999, "from": 155999999, "count": 0, "percentile": 0.0, "totalCount": 0}, {"to": 157999999, "from": 156999999, "count": 0, "percentile": 0.0, "totalCount": 0}, {"to": 158999999, "from": 157999999, "count": 0, "percentile": 0.0, "totalCount": 0}, {"to": 159999999, "from": 158999999, "count": 0, "percentile": 0.0, "totalCount": 0}, {"to": 160999999, "from": 159999999, "count": 0, "percentile": 0.0, "totalCount": 0}, {"to": 161999999, "from": 160999999, "count": 0, "percentile": 0.0, "totalCount": 0}, {"to": 162999999, "from": 161999999, "count": 0, "percentile": 0.0, "totalCount": 0}, {"to": 163999999, "from": 162999999, "count": 0, "percentile": 0.0, "totalCount": 0}, {"to": 164999999, "from": 163999999, "count": 0, "percentile": 0.0, "totalCount": 0}, {"to": 165999999, "from": 164999999, "count": 0, "percentile": 0.0, "totalCount": 0}, {"to": 166999999, "from": 165999999, "count": 0, "percentile": 0.0, "totalCount": 0}, {"to": 167999999, "from": 166999999, "count": 0, "percentile": 0.0, "totalCount": 0}, {"to": 168999999, "from": 167999999, "count": 0, "percentile": 0.0, "totalCount": 0}, {"to": 169999999, "from": 168999999, "count": 0, "percentile": 0.0, "totalCount": 0}, {"to": 170999999, "from": 169999999, "count": 0, "percentile": 0.0, "totalCount": 0}, {"to": 171999999, "from": 170999999, "count": 0, "percentile": 0.0, "totalCount": 0}, {"to": 172999999, "from": 171999999, "count": 0, "percentile": 0.0, "totalCount": 0}, {"to": 173999999, "from": 172999999, "count": 0, "percentile": 0.0, "totalCount": 0}, {"to": 174999999, "from": 173999999, "count": 0, "percentile": 0.0, "totalCount": 0}, {"to": 175999999, "from": 174999999, "count": 0, "percentile": 0.0, "totalCount": 0}, {"to": 176999999, "from": 175999999, "count": 0, "percentile": 0.0, "totalCount": 0}, {"to": 177999999, "from": 176999999, "count": 0, "percentile": 0.0, "totalCount": 0}, {"to": 178999999, "from": 177999999, "count": 0, "percentile": 0.0, "totalCount": 0}, {"to": 179999999, "from": 178999999, "count": 1, "percentile": 1.0, "totalCount": 1}], "percentiles": [{"to": 180355071, "from": 0.0, "count": 1, "percentile": 0.0, "totalCount": 1}, {"to": 180355071, "from": 180355071, "count": 0, "percentile": 1.0, "totalCount": 1}]}}}}}}}}}, "total": [{"end": 1580896854677, "phase": "example", "start": 1580896854471, "custom": [], "metric": "test", "summary": {"endTime": 1580896854677, "invalid": 0, "timeouts": 0, "cacheHits": 0, "startTime": 1580896854471, "resetCount": 0, "status_2xx": 0, "status_3xx": 1, "status_4xx": 0, "status_5xx": 0, "blockedTime": 0, "blockedCount": 0, "meanSendTime": 2599478, "requestCount": 1, "status_other": 0, "responseCount": 1, "maxResponseTime": 180355071, "minResponseTime": 179306496, "meanResponseTime": 179830784, "connectFailureCount": 0, "percentileResponseTime": {"50.0": 180355071, "90.0": 180355071, "99.0": 180355071, "99.9": 180355071, "99.99": 180355071}}}], "$schema": "http://hyperfoil.io/run-schema/0.6", "failure": []}', 'dev-team', '2020-04-06 12:00:54.462', '2020-04-06 12:00:54.678', 'This is a long and elaborate description that should overflow the column width', 2, NULL);
INSERT INTO public.run (id, access, data, owner, start, stop, testid, token) VALUES (3, 0, '{ "all.json": {"tags": [ "foo" ], "job": "otherjob", "info": {"id": "0002", "errors": [], "benchmark": "single-request", "cancelled": false, "startTime": 1580906854462, "description": null, "terminateTime": 1580906854678}, "$schema": "http://hyperfoil.io/run-schema/0.6"}, "other.json": { "$schema": "someother" }}', 'dev-team', '2020-04-06 12:00:54.462', '2020-04-06 12:00:54.678', 2, NULL);
INSERT INTO public.test_stalenesssettings (test_id, tags, maxstaleness) VALUES (2, '{"job": "somejob", "tags": ["foo"]}', 86400000);
INSERT INTO schemaextractor (id,accessor,jsonpath,schema_id) VALUES (9,'runId', '.info.id',2);
INSERT INTO schemaextractor (id,accessor,jsonpath,schema_id) VALUES (10,'benchmark', '.info.benchmark',2);
INSERT INTO schemaextractor (id,accessor,jsonpath,schema_id) VALUES (13,'tags','.tags',2);
INSERT INTO schemaextractor (id,accessor,jsonpath,schema_id) VALUES (14,'job','.job',2);
INSERT INTO view (id,name,test_id) VALUES (2,'default',2);
UPDATE test SET defaultview_id = 2 WHERE id = 2;
INSERT INTO viewcomponent (id,accessors,headername,headerorder,render,view_id) VALUES (9,'runId','Run ID',0,NULL,2);

INSERT INTO schema (id, access, description, name, owner, schema, uri) VALUES (3, 0, 'Hyperfoil''s all.json', 'Hyperfoil v2.0', 'dev-team', '{"$id": "http://hyperfoil.io/run-schema/v2.0", "type": "object", "$schema": "http://json-schema.org/draft-07/schema#" }', 'http://hyperfoil.io/run-schema/v2.0');
INSERT INTO schemaextractor (id,accessor,jsonpath,schema_id) VALUES (11,'runId', '.info.id',3);
INSERT INTO schemaextractor (id,accessor,jsonpath,schema_id) VALUES (12,'requestCount', '.stats[*].total.summary.requestCount',3);
INSERT INTO schemaextractor (id,accessor,jsonpath,schema_id) VALUES (15,'requestCount', '.total[*].summary.requestCount',2);
INSERT INTO variable (id,testid,name,"order",accessors,maxdifferencelastdatapoint,maxdifferencefloatingwindow,floatingwindow,minwindow) VALUES (13,2,'Request count',0,'requestCount',0.2, 0.1, 5, 5);
INSERT INTO datapoint (id,variable_id,runid,timestamp,value) VALUES (14,13,1,'2020-07-28 12:00:54.678',185);
INSERT INTO datapoint (id,variable_id,runid,timestamp,value) VALUES (15,13,2,'2020-07-29 12:00:54.678',195);
INSERT INTO datapoint (id,variable_id,runid,timestamp,value) VALUES (16,13,3,'2020-07-30 12:00:54.678',205);
INSERT INTO change(id, confirmed, description, variable_id, runid, timestamp) VALUES (17, false, 'Test annotation <a href="http://localhost:3000/" target="_parent">with a link</a>', 13, 3, '2020-07-30 12:00:54.678');

INSERT INTO watch(id, testid) VALUES (18, 2);
INSERT INTO watch_users(watch_id, users) VALUES (18, 'user');
INSERT INTO watch_teams(watch_id, teams) VALUES (18, 'dev-team');
INSERT INTO notificationsettings(id, isteam, name, method, data) VALUES (19, false, 'user', 'email', 'john@example.com');
INSERT INTO notificationsettings(id, isteam, name, method, data) VALUES (20, true, 'dev-team', 'IRC', 'irc.example.com/#dev-team');

INSERT INTO hook (id,url,type,target,active) VALUES (  1,'http://laptop:8080/api/log','test/new',  1,true);
INSERT INTO hook (id,url,type,target,active) VALUES (  2,'http://laptop:8080/api/log','test/new', -1,false);

ALTER SEQUENCE test_id_seq RESTART WITH 3;
ALTER SEQUENCE schema_id_seq RESTART WITH 4;
ALTER SEQUENCE hook_id_seq RESTART WITH 3;
ALTER SEQUENCE run_id_seq RESTART WITH 4;
ALTER SEQUENCE hibernate_sequence RESTART WITH 100;
